Axolotl,genderless
Pangolin,genderless
Fennec Fox,genderless
Red Panda,genderless
Capybara,genderless
Quokka,genderless
Slow Loris,genderless
Sugar Glider,genderless
Binturong,genderless
Fossa,genderless
Okapi,genderless
Tapir,genderless
Numbat,genderless
Platypus,genderless
Echidna,genderless
Narwhal,genderless
Beluga Whale,genderless
Manta Ray,genderless
Cuttlefish,genderless
Mantis Shrimp,genderless
Leafy Sea Dragon,genderless
Gharial,genderless
Komodo Dragon,genderless
Thorny Devil,genderless
Glass Frog,genderless
Poison Dart Frog,genderless
Kakapo,genderless
Shoebill,genderless
Secretary Bird,genderless
Cassowary,genderless
Kiwi,genderless
Aye-aye,genderless
Tarsier,genderless
Sifaka,genderless
Proboscis Monkey,genderless
Mandrill,genderless
Gelada,genderless
Sloth,genderless
Anteater,genderless
Armadillo,genderless
Aardvark,genderless
Wombat,genderless
Tasmanian Devil,genderless
Quoll,genderless
Bilby,genderless
Dik-dik,genderless
Gerenuk,genderless
Saiga Antelope,genderless
Markhor,genderless
